<?xml version="1.0" encoding="utf-8" ?>
<dwsync>
<file name="jquery.easing.js" server="85.13.150.251//beta/onepage/wp-content/plugins/ut-portfolio/" local="130195645940000000" remote="130482636600000000" Dst="2" />
<file name="jquery.images.loaded.min.js" server="85.13.150.251//beta/onepage/wp-content/plugins/ut-portfolio/" local="130349648570000000" remote="130482636600000000" Dst="2" />
<file name="jquery.isotope.min.js" server="85.13.150.251//beta/onepage/wp-content/plugins/ut-portfolio/" local="130241036663116618" remote="130482636600000000" Dst="2" />
<file name="jquery.isotope.perfectmasonry.min.js" server="85.13.150.251//beta/onepage/wp-content/plugins/ut-portfolio/" local="130240942231168825" remote="130482636600000000" Dst="2" />
<file name="jquery.lazy.load.js" server="85.13.150.251//beta/onepage/wp-content/plugins/ut-portfolio/" local="130350384716866787" remote="130482636600000000" Dst="2" />
<file name="jquery.scrollTo.min.js" server="85.13.150.251//beta/onepage/wp-content/plugins/ut-portfolio/" local="130233799160000000" remote="130482636600000000" Dst="2" />
<file name="jquery.utmasonry.js" server="85.13.150.251//beta/onepage/wp-content/plugins/ut-portfolio/" local="130373853271683939" remote="130482636600000000" Dst="2" />
<file name="ut.effects.js" server="85.13.150.251//beta/onepage/wp-content/plugins/ut-portfolio/" local="130427982696023086" remote="130482636600000000" Dst="2" />
</dwsync>