<?xml version="1.0" encoding="utf-8" ?>
<dwsync>
<file name="chosen-sprite.png" server="85.13.150.251//beta/onepage/wp-content/plugins/ut-shortcodes/" local="130196524000000000" remote="130482636000000000" Dst="2" />
<file name="ut.buttons.png" server="85.13.150.251//beta/onepage/wp-content/plugins/ut-shortcodes/" local="129071549520000000" remote="130482636000000000" Dst="2" />
<file name="ut.buttons.jpg" server="85.13.150.251//beta/onepage/wp-content/plugins/ut-shortcodes/" local="130148092600000000" remote="130482636000000000" Dst="2" />
<file name="chosen-sprite@2x.png" server="85.13.150.251//beta/onepage/wp-content/plugins/ut-shortcodes/" local="130196524000000000" remote="130482636000000000" Dst="2" />
<file name="ut.icons.jpg" server="85.13.150.251//beta/onepage/wp-content/plugins/ut-shortcodes/" local="130149096360000000" remote="130482636000000000" Dst="2" />
<file name="ut.icons.png" server="85.13.150.251//beta/onepage/wp-content/plugins/ut-shortcodes/" local="129071549280000000" remote="130482636000000000" Dst="2" />
<file name="ut.scgenerator.jpg" server="85.13.150.251//beta/onepage/wp-content/plugins/ut-shortcodes/" local="130094701920000000" remote="130482636000000000" Dst="2" />
<file name="ut.scgenerator.png" server="85.13.150.251//beta/onepage/wp-content/plugins/ut-shortcodes/" local="129071549220000000" remote="130482636000000000" Dst="2" />
</dwsync>