<?xml version="1.0" encoding="utf-8" ?>
<dwsync>
<file name="btnNext.png" server="85.13.150.251//beta/onepage/wp-content/plugins/ut-portfolio/" local="130295865000000000" remote="130482636600000000" Dst="2" />
<file name="btnPrevious.png" server="85.13.150.251//beta/onepage/wp-content/plugins/ut-portfolio/" local="130295865000000000" remote="130482636600000000" Dst="2" />
<file name="contentPatternBottom.png" server="85.13.150.251//beta/onepage/wp-content/plugins/ut-portfolio/" local="130295865000000000" remote="130482636600000000" Dst="2" />
<file name="contentPatternLeft.png" server="85.13.150.251//beta/onepage/wp-content/plugins/ut-portfolio/" local="130295865000000000" remote="130482636600000000" Dst="2" />
<file name="contentPatternRight.png" server="85.13.150.251//beta/onepage/wp-content/plugins/ut-portfolio/" local="130295865000000000" remote="130482636600000000" Dst="2" />
<file name="contentPatternTop.png" server="85.13.150.251//beta/onepage/wp-content/plugins/ut-portfolio/" local="130295865000000000" remote="130482636600000000" Dst="2" />
<file name="loader.gif" server="85.13.150.251//beta/onepage/wp-content/plugins/ut-portfolio/" local="130295865000000000" remote="130482636600000000" Dst="2" />
<file name="default_thumbnail.gif" server="85.13.150.251//beta/onepage/wp-content/plugins/ut-portfolio/" local="130295865000000000" remote="130482636600000000" Dst="2" />
<file name="sprite.png" server="85.13.150.251//beta/onepage/wp-content/plugins/ut-portfolio/" local="130295865000000000" remote="130482636600000000" Dst="2" />
</dwsync>